time,open,high,low,close,Volume,Volume MA
2021-01-04T10:00:00-03:00,21.530136,21.530136,20.669869,20.693331,17942771,12873104.8
2021-01-04T13:00:00-03:00,20.693331,20.787178,20.536919,20.68551,17657615,13118884.85
2021-01-04T16:00:00-03:00,20.693331,20.740254,20.536919,20.662048,11867810,12281804.95
2021-01-05T10:00:00-03:00,20.502501,20.510327,20.095582,20.259915,24072858,12052147.8
2021-01-05T13:00:00-03:00,20.26774,20.604231,20.189486,20.525978,14522908,12063576.75
2021-01-05T16:00:00-03:00,20.525978,20.659009,20.494676,20.557279,7110778,11420878.35
2021-01-06T10:00:00-03:00,20.57293,21.38677,20.557279,21.245913,38970906,12819704.95
2021-01-06T13:00:00-03:00,21.253738,21.50415,21.214611,21.472849,15632126,13213194.55
2021-01-06T16:00:00-03:00,21.472849,21.496325,21.19896,21.222437,19785050,13961629.45
2021-01-07T10:00:00-03:00,21.261563,21.746737,21.09723,21.613706,19088310,14353544.25
2021-01-07T13:00:00-03:00,21.613706,21.676309,21.519801,21.668483,16246147,14759106.1
2021-01-07T16:00:00-03:00,21.668483,21.895419,21.645007,21.879769,18597377,15025528.45
2021-01-08T10:00:00-03:00,21.958023,22.231911,21.441547,21.652833,28284414,16061378.45
2021-01-08T13:00:00-03:00,21.652833,21.793689,21.308516,21.394595,19115914,15732169.3
2021-01-08T16:00:00-03:00,21.38677,21.582404,21.339817,21.535452,11076202,15799365.45
2021-01-11T10:00:00-03:00,21.222437,21.433722,21.011151,21.159834,15926418,16171779.05
2021-01-11T13:00:00-03:00,21.159834,21.324167,21.050278,21.245913,10856374,16412418.25
2021-01-11T16:00:00-03:00,21.245913,21.277214,20.932897,21.238087,14818262,16760514.45
2021-01-12T10:00:00-03:00,21.331992,21.418071,21.011151,21.324167,19415192,17441013.65
2021-01-12T13:00:00-03:00,21.316341,21.441547,21.152008,21.277214,15833129,17841028.05
2021-01-12T16:00:00-03:00,21.269389,21.331992,21.206786,21.253738,9706046,17429191.8
2021-01-13T10:00:00-03:00,21.253738,21.355468,20.768564,20.799866,14398440,17266233.05
2021-01-13T13:00:00-03:00,20.799866,21.065929,20.549454,20.917247,25875061,17966595.6
2021-01-13T16:00:00-03:00,20.909421,21.018977,20.799866,20.909421,11335869,17329746.15
2021-01-14T10:00:00-03:00,20.995501,21.480674,20.862469,21.371119,25226416,17864921.55
2021-01-14T13:00:00-03:00,21.355468,21.621531,21.331992,21.566753,29455208,18982143.05
2021-01-14T16:00:00-03:00,21.574579,21.723261,21.441547,21.50415,17760996,17921647.55
2021-01-15T10:00:00-03:00,21.206786,21.347643,20.870294,20.972024,24437574,18361919.95
2021-01-15T13:00:00-03:00,20.972024,21.261563,20.917247,21.026802,13824927,18063913.8
2021-01-15T16:00:00-03:00,21.026802,21.120707,20.893771,20.909421,12141206,17716558.6
2021-01-18T10:00:00-03:00,21.026802,21.410246,20.97985,21.28504,17262326,17767367.55
2021-01-18T13:00:00-03:00,21.28504,21.371119,20.823342,20.862469,14920077,17583502.55
2021-01-18T16:00:00-03:00,20.870294,21.128532,20.838993,21.050278,8061273,16572345.5
2021-01-19T10:00:00-03:00,21.191135,21.222437,20.549454,20.57293,17641488,16498624.2
2021-01-19T13:00:00-03:00,20.57293,20.760739,20.463375,20.565104,12163023,16552965.25
2021-01-19T16:00:00-03:00,20.549454,20.713787,20.502501,20.698136,8290525,16171170.6
2021-01-20T10:00:00-03:00,20.815517,20.831167,20.189486,20.26774,14025942,16329649
2021-01-20T13:00:00-03:00,20.275565,20.353819,20.197312,20.228613,13981715,16287821.65
2021-01-20T16:00:00-03:00,20.228613,20.338168,20.173835,20.306867,10125450,15823334.55
2021-01-21T10:00:00-03:00,20.275565,20.353819,19.798217,19.829519,17894757,15926415.95
2021-01-21T13:00:00-03:00,19.837344,20.158185,19.751265,20.025153,15289771,16205602.2
2021-01-21T16:00:00-03:00,20.025153,20.040804,19.852995,19.970375,9481913,15959775.85
2021-01-22T10:00:00-03:00,19.524329,19.75909,19.461726,19.649535,19542346,15643140.1
2021-01-22T13:00:00-03:00,19.641709,19.86082,19.508678,19.563456,18217166,15987204.95
2021-01-22T16:00:00-03:00,19.571281,19.704312,19.422599,19.641709,10155358,15233652.05
2021-01-26T10:00:00-03:00,19.539979,20.056455,19.383472,19.508678,33196248,15420704.05
2021-01-26T13:00:00-03:00,19.508678,19.539979,19.203488,19.219139,14967357,15281022.1
2021-01-26T16:00:00-03:00,19.219139,19.305218,19.007853,19.070456,21441453,15131216.05
2021-01-27T10:00:00-03:00,19.015679,19.367821,18.859171,19.109583,25380781,15709008.75
2021-01-27T13:00:00-03:00,19.101758,19.680836,19.000028,19.485202,24630786,16333487.75
2021-01-27T16:00:00-03:00,19.477376,19.563456,19.305218,19.375646,25031689,16721955.9
2021-01-28T10:00:00-03:00,19.383472,20.103407,19.336519,20.056455,37270934,17839498.75
2021-01-28T13:00:00-03:00,20.048629,20.212962,19.939074,20.032978,15159171,18194393.65
2021-01-28T16:00:00-03:00,20.032978,20.134708,19.970375,20.040804,10276499,17826144.2
2021-01-29T10:00:00-03:00,19.704312,19.954725,19.571281,19.680836,29179330,18676959.55
2021-01-29T13:00:00-03:00,19.680836,19.696487,19.297393,19.446075,15617934,19043330
2021-01-29T16:00:00-03:00,19.438249,19.539979,19.195663,19.289567,15135688,19098817.3
2021-02-01T10:00:00-03:00,19.704312,19.946899,19.610408,19.704312,29159258,19857694.45
2021-02-01T13:00:00-03:00,19.704312,19.907772,19.579106,19.892122,12150500,19958946.95
2021-02-01T16:00:00-03:00,19.892122,19.986026,19.774741,19.790392,9305427,19529480.45
2021-02-02T10:00:00-03:00,20.053618,20.202395,19.458509,19.575965,41026243,20816304.05
2021-02-02T13:00:00-03:00,19.560304,19.732572,19.388035,19.607286,27200356,21702226.2
2021-02-02T16:00:00-03:00,19.607286,19.763894,19.560304,19.67776,16248311,21537524.45
2021-02-03T10:00:00-03:00,19.826537,20.061449,19.709081,19.850028,16939182,21473625.25
2021-02-03T13:00:00-03:00,19.857858,19.88918,19.701251,19.724742,14892787,21710496.7
2021-02-03T16:00:00-03:00,19.724742,19.795215,19.622947,19.748233,11015234,20601446
2021-02-04T10:00:00-03:00,20.672219,20.789674,20.202395,20.382494,74406595,23573407.9
2021-02-04T13:00:00-03:00,20.382494,20.390325,20.241547,20.319851,16363850,23319527.75
2021-02-04T16:00:00-03:00,20.319851,20.515611,20.28853,20.390325,22496537,23175315.55
2021-02-05T10:00:00-03:00,20.366834,20.515611,20.147583,20.312021,18511388,22869345.65
2021-02-05T13:00:00-03:00,20.312021,20.382494,20.178904,20.225887,13039240,22269723.2
2021-02-05T16:00:00-03:00,20.218056,20.335512,20.186735,20.280699,18659813,21339167.15
2021-02-08T10:00:00-03:00,20.257208,20.28853,19.920502,20.08494,12421653,21202291.25
2021-02-08T13:00:00-03:00,20.08494,20.124092,19.771724,19.771724,10431319,21210032.25
2021-02-08T16:00:00-03:00,19.779555,19.959654,19.763894,19.904841,5231487,20012640.1
2021-02-09T10:00:00-03:00,19.69342,20.061449,19.505491,19.89701,27713114,20617399.1
2021-02-09T13:00:00-03:00,19.88918,20.218056,19.865689,20.131922,16357206,20678475
2021-02-09T16:00:00-03:00,20.131922,20.171074,19.951823,19.998805,10315016,19736262.9
2021-02-10T10:00:00-03:00,19.865689,20.1006,19.568134,19.591625,18194422,20038459
2021-02-10T13:00:00-03:00,19.599456,19.771724,19.575965,19.724742,8606509,20003513.1
2021-02-10T16:00:00-03:00,19.724742,19.842198,19.68559,19.748233,6761549,18290278.4
2021-02-11T10:00:00-03:00,19.865689,20.030127,19.795215,19.89701,8723627,17366441.95
2021-02-11T13:00:00-03:00,19.89701,19.983145,19.607286,19.638608,14198320,17263942.4
2021-02-11T16:00:00-03:00,19.638608,19.795215,19.622947,19.740403,6348423,16734404.45
2021-02-12T10:00:00-03:00,19.654268,19.990975,19.544643,19.936162,11801249,16579827.55
2021-02-12T13:00:00-03:00,19.920502,19.967484,19.69342,19.763894,8997043,16478918
2021-02-12T16:00:00-03:00,19.756063,19.787385,19.67776,19.716912,6150981,13066137.3
2021-02-17T13:00:00-03:00,19.599456,19.842198,19.482,19.748233,14755770,12985733.3
2021-02-17T16:00:00-03:00,19.748233,19.803046,19.69342,19.732572,5142607,12118036.8
2021-02-18T10:00:00-03:00,19.591625,19.928332,19.521152,19.662099,25016437,12443289.25
2021-02-18T13:00:00-03:00,19.662099,19.701251,19.356714,19.466339,22881158,12935385.15
2021-02-18T16:00:00-03:00,19.466339,19.575965,19.411526,19.521152,10109661,12507877.55
2021-02-19T10:00:00-03:00,19.458509,19.787385,19.458509,19.701251,10443081,12408948.95
2021-02-19T13:00:00-03:00,19.69342,19.763894,19.28624,19.435018,15011435,12637954.75
2021-02-19T16:00:00-03:00,19.435018,19.482,19.27058,19.27058,9823215,12867541.15
2021-02-22T10:00:00-03:00,18.644149,18.785096,18.189986,18.252629,47427850,13853277.95
2021-02-22T13:00:00-03:00,18.26829,18.558014,18.143004,18.174326,37242904,14897562.85
2021-02-22T16:00:00-03:00,18.166495,18.26829,18.05687,18.0647,19983382,15380981.15
2021-02-23T10:00:00-03:00,18.401407,19.004346,18.354424,18.933873,27352205,15838870.3
2021-02-23T13:00:00-03:00,18.941703,19.106141,18.87123,18.973025,17806178,16298853.75
2021-02-23T16:00:00-03:00,18.965195,19.145293,18.886891,18.988686,11531687,16537360.65
2021-02-24T10:00:00-03:00,19.113972,19.176615,18.534523,18.698961,22475436,17224951.1
2021-02-24T13:00:00-03:00,18.691131,18.980855,18.691131,18.839908,11121584,17071114.3
2021-02-24T16:00:00-03:00,18.839908,18.87906,18.745944,18.839908,4449917,16976189
2021-02-25T10:00:00-03:00,18.745944,18.965195,18.651979,18.777265,16367180,17204485.55
2021-02-25T13:00:00-03:00,18.761604,18.777265,18.542354,18.558014,16045101,17556888.45
2021-02-25T16:00:00-03:00,18.565845,18.683301,18.276121,18.393576,10452428,17771960.8
2021-02-26T10:00:00-03:00,18.456219,18.659809,18.025548,18.080361,26531051,18360724.85
2021-02-26T13:00:00-03:00,18.080361,18.362255,17.978566,18.182156,13243072,18765748.1
2021-02-26T16:00:00-03:00,18.166495,18.221308,17.939414,18.041209,18329436,18431398.05
2021-03-01T10:00:00-03:00,18.323103,18.385746,17.681011,18.143004,24964456,18535562.95
2021-03-01T13:00:00-03:00,18.135174,18.150834,17.900262,18.009887,13406656,18700412.7
2021-03-01T16:00:00-03:00,18.009887,18.0647,17.399117,17.422608,31259191,19741218.2
2021-03-02T10:00:00-03:00,17.082626,17.756528,16.808364,17.709511,37334844,20857388.65
2021-03-02T13:00:00-03:00,17.709511,18.022954,17.560626,17.999446,30248247,21878640.25
2021-03-02T16:00:00-03:00,17.999446,18.258036,17.819216,17.928921,18331203,20423807.9
2021-03-03T10:00:00-03:00,17.881905,18.093479,17.701675,17.756528,23759156,19749620.5
2021-03-03T13:00:00-03:00,17.756528,17.827052,17.450921,17.51361,14549684,19477935.6
2021-03-03T16:00:00-03:00,17.521446,18.352069,17.411741,17.952429,28408960,19530773.35
2021-03-04T10:00:00-03:00,18.218856,19.033807,18.171839,18.939774,39453127,20613120.8
2021-03-04T13:00:00-03:00,18.931938,18.98679,18.610659,18.681184,22834458,21178259.35
2021-03-04T16:00:00-03:00,18.681184,18.853577,18.602823,18.649839,13442913,20726633.2
2021-03-05T10:00:00-03:00,18.884921,19.762561,18.775217,19.488299,57661237,23053615.85
2021-03-05T13:00:00-03:00,19.480463,19.582331,19.300233,19.417774,19822604,23822250.2
2021-03-05T16:00:00-03:00,19.417774,19.660692,19.331577,19.652856,16294852,23818633.8
2021-03-08T10:00:00-03:00,19.229708,19.966299,19.174856,19.746889,31581450,24595451.25
2021-03-08T13:00:00-03:00,19.739053,19.817413,19.049479,19.135676,21450973,25145378.5
2021-03-08T16:00:00-03:00,19.143512,19.331577,18.853577,18.916266,16460370,24641844.45
2021-03-09T10:00:00-03:00,18.931938,19.323741,18.642003,19.323741,29820491,25470715.4
2021-03-09T13:00:00-03:00,19.323741,19.417774,18.971118,19.025971,14423857,25275436.45
2021-03-09T16:00:00-03:00,19.025971,19.190528,18.978954,19.088659,7207767,24387602
2021-03-10T10:00:00-03:00,19.229708,19.331577,19.049479,19.214036,16185195,24526528.95
2021-03-10T13:00:00-03:00,19.229708,19.276725,18.916266,19.214036,21230848,24025111.8
2021-03-10T16:00:00-03:00,19.2062,19.613676,19.143512,19.480463,29945325,23655635.85
2021-03-11T10:00:00-03:00,19.6842,19.950627,19.237544,19.284561,19513270,23118887
2021-03-11T13:00:00-03:00,19.284561,19.715545,19.214036,19.64502,19269146,23165784.15
2021-03-11T16:00:00-03:00,19.652856,19.911446,19.574495,19.848758,29102803,23432966.5
2021-03-12T10:00:00-03:00,19.598004,19.762561,19.409938,19.456954,16393212,23525142.9
2021-03-12T13:00:00-03:00,19.456954,19.598004,19.449118,19.519643,16954965,22952443.15
2021-03-12T16:00:00-03:00,19.511807,19.715545,19.433446,19.613676,19012536,21930413.6
2021-03-15T10:00:00-03:00,19.472626,19.911446,19.42561,19.723381,15888622,21583121.8
2021-03-15T13:00:00-03:00,19.723381,19.94279,19.692036,19.817413,13671949,21594573.6
2021-03-15T16:00:00-03:00,19.817413,19.895774,19.739053,19.817413,10311885,19227106
2021-03-16T10:00:00-03:00,19.848758,19.919282,19.276725,19.339413,16920646,19082008.1
2021-03-16T13:00:00-03:00,19.331577,19.511807,19.237544,19.42561,13661611,18950346.05
2021-03-16T16:00:00-03:00,19.433446,19.598004,19.42561,19.543151,9420751,17842311.1
2021-03-17T10:00:00-03:00,19.409938,19.927118,19.378594,19.911446,25735014,18056513.15
2021-03-17T13:00:00-03:00,19.911446,20.30325,19.911446,20.295413,34819802,18974484.75
2021-03-17T16:00:00-03:00,20.295413,20.373774,20.224889,20.365938,17126149,18339767.65
2021-03-18T10:00:00-03:00,20.256233,20.82043,20.224889,20.804758,40570139,19647081.75
2021-03-18T13:00:00-03:00,20.804758,21.024168,20.593184,20.695053,47541614,21663774.1
2021-03-18T16:00:00-03:00,20.695053,20.789086,20.569676,20.789086,27825656,22245797.15
2021-03-19T10:00:00-03:00,20.922299,21.102528,20.506987,20.655873,49394077,23653958.6
2021-03-19T13:00:00-03:00,20.663709,20.969315,20.593184,20.906627,20148920,23164138.35
2021-03-19T16:00:00-03:00,20.906627,20.953643,20.78125,20.804758,32470205,23811985.1
2021-03-22T10:00:00-03:00,20.6402,20.78125,20.467807,20.648037,29015498,24299302.7
2021-03-22T13:00:00-03:00,20.648037,20.945807,20.546168,20.906627,22305742,23959449.65
2021-03-22T16:00:00-03:00,20.914463,20.961479,20.812594,20.875282,8562415,23567909.8
2021-03-23T10:00:00-03:00,20.577512,21.032004,20.569676,20.961479,15519044,23496113.75
2021-03-23T13:00:00-03:00,20.961479,20.992823,20.6402,20.702889,20741187,23582546.3
2021-03-23T16:00:00-03:00,20.710725,20.78125,20.577512,20.577512,11033430,23339786.7
2021-03-24T10:00:00-03:00,20.671545,20.796922,20.530496,20.679381,12438169,23278097.7
2021-03-24T13:00:00-03:00,20.679381,20.742069,20.538332,20.577512,15087840,23516895.45
2021-03-24T16:00:00-03:00,20.577512,20.655873,20.224889,20.256233,23379035,23839814.9
2021-03-25T10:00:00-03:00,20.373774,20.710725,20.224889,20.679381,36342122,24973840.45
2021-03-25T13:00:00-03:00,20.679381,20.843938,20.459971,20.82043,19360767,25470841.25
2021-03-25T16:00:00-03:00,20.812594,20.890955,20.742069,20.851774,14363032,24902242.15
2021-03-26T10:00:00-03:00,20.765578,21.071184,20.718561,20.969315,17897154,24056109.75
2021-03-26T13:00:00-03:00,20.969315,21.102528,20.742069,20.804758,18576951,24128649.85
2021-03-26T16:00:00-03:00,20.796922,21.196561,20.78125,21.063348,14894801,22844882.95
2021-03-29T10:00:00-03:00,21.047676,21.173053,20.749905,21.008496,26548304,21795217.45
2021-03-29T13:00:00-03:00,21.008496,21.173053,20.937971,21.016332,14366435,21122256.4
2021-03-29T16:00:00-03:00,21.016332,21.133873,21.008496,21.086856,12208638,19262984.45
2021-03-30T10:00:00-03:00,20.961479,21.533512,20.953643,21.502168,25711666,19541121.75
2021-03-30T13:00:00-03:00,21.502168,21.525676,21.321938,21.384627,12695184,18552370.7
2021-03-30T16:00:00-03:00,21.376791,21.47866,21.353283,21.400299,9263279,17564759.75
2021-03-31T10:00:00-03:00,21.470824,21.470824,20.851774,20.875282,19349672,17416956.25
2021-03-31T13:00:00-03:00,20.867446,20.922299,20.726397,20.898791,20255737,18001622.35
2021-03-31T16:00:00-03:00,20.898791,20.977151,20.804758,20.922299,15508373,18001088.8
2021-04-01T10:00:00-03:00,21.071184,21.118201,20.34243,20.569676,29071130,18417585.95
2021-04-01T13:00:00-03:00,20.56184,20.585348,20.295413,20.326758,18798496,18805839.25
2021-04-01T16:00:00-03:00,20.318922,20.405118,20.201381,20.256233,16650020,19016431.8
2021-04-05T10:00:00-03:00,20.480607,20.606063,20.26106,20.464925,24725054,19498292.5
2021-04-05T13:00:00-03:00,20.464925,20.472766,20.229696,20.362993,8457544,18752217.95
2021-04-05T16:00:00-03:00,20.362993,20.496289,20.33947,20.457084,8378646,17354044.15
2021-04-06T10:00:00-03:00,20.433562,20.543335,20.112082,20.127764,16814036,17226707.6
2021-04-06T13:00:00-03:00,20.119923,20.17481,19.963103,19.978785,11620804,17089596.2
2021-04-06T16:00:00-03:00,19.986626,20.104241,19.923899,20.088559,10220764,16705776.7
2021-04-07T10:00:00-03:00,19.994467,20.198333,19.77492,19.806284,21882032,16871030.75
2021-04-07T13:00:00-03:00,19.814125,20.057195,19.767079,19.814125,12105177,16731549.55
2021-04-07T16:00:00-03:00,19.814125,19.892535,19.767079,19.884694,8565611,15832414.9
2021-04-08T10:00:00-03:00,20.072877,20.080718,19.68867,19.908217,17971425,16012664.4
2021-04-08T13:00:00-03:00,19.908217,19.939581,19.727874,19.782761,12916175,16048041.25
2021-04-08T16:00:00-03:00,19.77492,19.829807,19.735715,19.806284,9194486,15222182.25
2021-04-09T10:00:00-03:00,19.680829,20.159128,19.665147,20.057195,18477991,15511322.6
2021-04-09T13:00:00-03:00,20.057195,20.065036,19.649465,19.759238,14770919,15786704.6
2021-04-09T16:00:00-03:00,19.767079,19.884694,19.751397,19.798443,7816089,15210025.45
2021-04-12T10:00:00-03:00,19.892535,19.978785,19.798443,19.85333,6646032,14529540.2
2021-04-12T13:00:00-03:00,19.85333,20.033672,19.814125,20.01799,13521330,14430188.05
2021-04-12T16:00:00-03:00,20.010149,20.17481,19.994467,20.0964,8834966,13418379.85
2021-04-13T10:00:00-03:00,19.994467,20.080718,19.759238,20.01799,21393189,13548114.5
2021-04-13T13:00:00-03:00,20.01799,20.151287,20.010149,20.065036,8211020,13126164.5
2021-04-13T16:00:00-03:00,20.065036,20.088559,19.994467,20.033672,6594554,12219639.5
2021-04-14T10:00:00-03:00,20.072877,20.457084,19.861171,20.433562,25200770,13056800.8
2021-04-14T13:00:00-03:00,20.441403,20.551176,20.206173,20.214014,16247392,13450238.1
2021-04-14T16:00:00-03:00,20.221855,20.308106,20.159128,20.276742,11373302,13178201.4
2021-04-15T10:00:00-03:00,20.315947,20.511971,20.166969,20.214014,12843998,13239361.1
2021-04-15T13:00:00-03:00,20.221855,20.362993,19.963103,20.072877,13933139,13424979.85
2021-04-15T16:00:00-03:00,20.065036,20.276742,20.041513,20.276742,8321634,12746959.95
2021-04-16T10:00:00-03:00,20.135605,20.464925,20.127764,20.410039,13550921,12819247.15
2021-04-16T13:00:00-03:00,20.410039,20.629586,20.394357,20.480607,12266382,13004285.7
2021-04-16T16:00:00-03:00,20.480607,20.574699,20.441403,20.519812,9981885,12604808.7
2021-04-19T10:00:00-03:00,20.596674,20.596674,20.398298,20.501798,15183676,12718183.75
2021-04-19T13:00:00-03:00,20.510424,20.510424,20.251671,20.312047,12243866,12870652.75
2021-04-19T16:00:00-03:00,20.303422,20.398298,20.286172,20.363797,8991303,12396318.35
2021-04-20T10:00:00-03:00,20.355172,20.510424,20.139545,20.182671,13031920,12309368.4
2021-04-20T13:00:00-03:00,20.174046,20.217171,20.070545,20.09642,8483198,12342723.85
2021-04-20T16:00:00-03:00,20.105045,20.156796,20.04467,20.06192,9139240,12467384.25
2021-04-22T10:00:00-03:00,20.139545,20.268921,19.949794,20.018794,11974762,12390055.85
2021-04-22T13:00:00-03:00,20.018794,20.07917,19.863543,19.958419,10565274,12476571.25
2021-04-22T16:00:00-03:00,19.949794,19.975669,19.846293,19.967044,8794553,11846639.45
2021-04-23T10:00:00-03:00,20.06192,20.398298,19.975669,20.225796,15863316,12229254.25
2021-04-23T13:00:00-03:00,20.217171,20.346547,20.165421,20.286172,6323105,12215681.8
2021-04-23T16:00:00-03:00,20.286172,20.424173,20.251671,20.303422,4815332,11196409.9
2021-04-26T10:00:00-03:00,20.605299,20.803676,20.372422,20.381047,22148481,11491464.35
2021-04-26T13:00:00-03:00,20.381047,20.432798,20.243046,20.260296,10940806,11469839.55
2021-04-26T16:00:00-03:00,20.260296,20.355172,20.105045,20.355172,8328927,11244086
2021-04-27T10:00:00-03:00,20.294797,20.553549,20.191296,20.381047,23301396,11712498.85
2021-04-27T13:00:00-03:00,20.372422,20.536299,20.11367,20.14817,11893844,11891109.35
2021-04-27T16:00:00-03:00,20.165421,20.243046,20.07917,20.11367,9176924,11672409.5
2021-04-28T10:00:00-03:00,20.458673,21.088303,20.424173,21.019303,30337395,12575960.15
2021-04-28T13:00:00-03:00,21.019303,21.148679,20.907177,21.140054,18508626,13002297.2
2021-04-28T16:00:00-03:00,21.148679,21.278055,21.105554,21.140054,19219854,13204106.1
2021-04-29T10:00:00-03:00,21.105554,21.312555,20.562174,20.570799,21545015,13669163.55
2021-04-29T13:00:00-03:00,20.579424,20.717425,20.544924,20.570799,10781034,13758650.1
2021-04-29T16:00:00-03:00,20.579424,20.596674,20.501798,20.527674,8419248,13528016.5
2021-04-30T10:00:00-03:00,20.432798,20.829551,20.294797,20.6398,23025573,14255135.25
2021-04-30T13:00:00-03:00,20.6398,20.777801,20.553549,20.65705,13164328,14456389.65
2021-04-30T16:00:00-03:00,20.65705,20.6743,20.501798,20.605299,31251406,15420221.85
2021-05-03T10:00:00-03:00,20.838176,21.407431,20.786426,21.002053,36109992,16697457.75
2021-05-03T13:00:00-03:00,21.002053,21.28668,20.941677,21.243555,14876770,17001568.6
2021-05-03T16:00:00-03:00,21.243555,21.295305,21.079678,21.148679,8887305,16652768.05
2021-05-04T10:00:00-03:00,21.404244,21.456028,20.489385,20.662,32552846,17964255.1
2021-05-04T13:00:00-03:00,20.653369,20.748307,20.541169,20.567061,14686363,18457806.65
2021-05-04T16:00:00-03:00,20.558431,20.662,20.506646,20.644738,10214256,17861095.4
2021-05-05T10:00:00-03:00,20.696523,20.731046,19.97154,20.515277,42773176,19452713.9
2021-05-05T13:00:00-03:00,20.515277,20.653369,20.489385,20.567061,16676694,19870102.25
2021-05-05T16:00:00-03:00,20.567061,20.653369,20.489385,20.610215,13309815,19370523.2
2021-05-06T10:00:00-03:00,20.411708,20.687892,20.394447,20.627477,20390051,19795333.55
2021-05-06T13:00:00-03:00,20.627477,20.67063,20.506646,20.541169,14612669,20067120.8
2021-05-06T16:00:00-03:00,20.5498,20.713784,20.506646,20.67063,16023026,19351402.35
2021-05-07T10:00:00-03:00,20.713784,20.920922,20.644738,20.696523,16847710,19268356.55
2021-05-07T13:00:00-03:00,20.687892,20.731046,20.541169,20.67063,12693945,18942061.1
2021-05-07T16:00:00-03:00,20.662,20.774199,20.653369,20.774199,12082809,18468950.8
2021-05-10T10:00:00-03:00,20.739676,20.981337,20.567061,20.938183,13661894,18612993.8
2021-05-10T13:00:00-03:00,20.929553,21.266152,20.920922,21.266152,32095872,19796825
2021-05-10T16:00:00-03:00,21.266152,21.292044,21.145321,21.240259,17532862,19522189.45
2021-05-11T10:00:00-03:00,20.972706,21.438767,20.972706,21.36109,22781960,20003071.05
2021-05-11T13:00:00-03:00,21.369721,21.421505,21.084906,21.093537,14609551,19170978.3
2021-05-11T16:00:00-03:00,21.093537,21.274782,21.059014,21.24889,8686001,17799778.75
2021-05-12T10:00:00-03:00,20.989968,21.067645,20.739676,20.800092,18621371,17987008.8
2021-05-12T13:00:00-03:00,20.808722,20.90366,20.731046,20.774199,17065302,18395908.65
2021-05-12T16:00:00-03:00,20.765569,20.800092,20.575692,20.765569,14672502,17501891.45
2021-05-13T10:00:00-03:00,20.791461,21.317936,20.756938,21.240259,18539568,17694551.7
2021-05-13T13:00:00-03:00,21.231629,21.36109,21.067645,21.326567,13310819,17849379.85
2021-05-13T16:00:00-03:00,21.335198,21.36109,21.197106,21.197106,8123246,16116883.35
2021-05-14T10:00:00-03:00,21.48192,21.689058,21.179844,21.326567,22061864,16386141.85
2021-05-14T13:00:00-03:00,21.317936,21.438767,21.153952,21.438767,14019787,16421640.45
2021-05-14T16:00:00-03:00,21.430136,21.490551,21.36109,21.430136,8232158,15813745.8
2021-05-17T10:00:00-03:00,21.412874,21.464659,21.188475,21.292044,13556797,15760952.2
2021-05-17T13:00:00-03:00,21.283413,21.438767,21.240259,21.430136,6960495,15307825.65
2021-05-17T16:00:00-03:00,21.430136,21.611381,21.378351,21.516443,9874886,14959184.45
2021-05-18T10:00:00-03:00,21.499182,21.861673,21.421505,21.809889,19149020,15281938.2
2021-05-18T13:00:00-03:00,21.818519,21.904827,21.740843,21.809889,18244806,15590038.05
2021-05-18T16:00:00-03:00,21.809889,21.965242,21.758104,21.878934,12131124,15513499.55
2021-05-19T10:00:00-03:00,21.697689,21.965242,21.516443,21.758104,12996482,14558530.05
2021-05-19T13:00:00-03:00,21.766735,21.922088,21.70632,21.835781,9308260,14147299.95
2021-05-19T16:00:00-03:00,21.835781,22.077442,21.783996,22.034288,11125071,13564455.5
2021-05-20T10:00:00-03:00,22.008396,22.258687,21.94798,22.146488,12020435,13434999.7
2021-05-20T13:00:00-03:00,22.146488,22.198272,22.068811,22.17238,13362258,13668812.55
2021-05-20T16:00:00-03:00,22.17238,22.275949,22.120595,22.189641,12236916,13349589.8
2021-05-21T10:00:00-03:00,22.215533,22.275949,21.904827,22.111965,20212082,13506928.8
2021-05-21T13:00:00-03:00,22.103334,22.353625,22.086072,22.319102,25470841,14046845.75
2021-05-21T16:00:00-03:00,22.310472,22.508979,22.284579,22.379518,17756734,14007704.05
2021-05-24T10:00:00-03:00,22.439933,22.560763,22.232795,22.267318,11193735,13901849.85
2021-05-24T13:00:00-03:00,22.267318,22.508979,22.250056,22.370887,8235474,13907461.25
2021-05-24T16:00:00-03:00,22.379518,22.422671,22.284579,22.310472,7150792,13161907.65
2021-05-25T10:00:00-03:00,22.396779,22.396779,22.094703,22.310472,10869202,13004378.4
2021-05-25T13:00:00-03:00,22.310472,22.310472,22.146488,22.155118,8077430,12996642
2021-05-25T16:00:00-03:00,22.155118,22.215533,22.051549,22.120595,8118150,12724709.65
2021-05-26T10:00:00-03:00,22.284579,22.75927,22.241426,22.655701,23473680,13550368.9
2021-05-26T13:00:00-03:00,22.664332,22.698855,22.612548,22.672963,12488172,13681033.2
2021-05-26T16:00:00-03:00,22.672963,22.75064,22.63844,22.63844,8896874,13168425.9
2021-05-27T10:00:00-03:00,22.716117,22.914624,22.336364,22.336364,13149072,12913639.2
2021-05-27T13:00:00-03:00,22.336364,22.716117,22.275949,22.612548,13497472,12981956.6
2021-05-27T16:00:00-03:00,22.612548,22.923254,22.603917,22.75927,54393073,15051786.15
2021-05-28T10:00:00-03:00,22.664332,23.018193,22.629809,22.923254,15024349,15337590.6
2021-05-28T13:00:00-03:00,22.923254,22.940516,22.742009,22.819685,7610031,15161838.6
2021-05-28T16:00:00-03:00,22.811055,23.000931,22.75064,22.862839,9721837,15046908.7
2021-05-31T10:00:00-03:00,22.949147,22.98367,22.672963,22.75064,6567719,14707181.75
2021-05-31T13:00:00-03:00,22.75927,22.854208,22.716117,22.811055,4962754,14343473.65
2021-05-31T16:00:00-03:00,22.819685,22.854208,22.742009,22.793793,5811396,13623439.35
2021-06-01T10:00:00-03:00,23.069977,23.251223,22.940516,23.121762,19419566,13320875.6
2021-06-01T13:00:00-03:00,23.121762,23.242592,23.095869,23.2167,25181642,13692121
2021-06-01T16:00:00-03:00,23.2167,23.372053,23.182177,23.285746,12673721,13766120.3
2021-06-02T10:00:00-03:00,23.316904,23.80915,23.239181,23.748699,18186804,14263686.8
2021-06-02T13:00:00-03:00,23.76597,24.29276,23.740063,24.163221,38392132,15825753.8
2021-06-02T16:00:00-03:00,24.163221,24.284124,24.042319,24.154585,19978910,16281239.2
2021-06-04T10:00:00-03:00,24.10277,24.387754,23.878237,24.137314,19229536,16838844.5
2021-06-04T13:00:00-03:00,24.128678,24.448206,24.068226,24.39639,12070469,17036460.45
2021-06-04T16:00:00-03:00,24.405026,24.405026,24.206401,24.215037,11071191,16416336
2021-06-07T10:00:00-03:00,24.258216,24.474113,24.050955,24.448206,12572098,16420532.3
2021-06-07T13:00:00-03:00,24.456842,24.871364,24.430934,24.698646,15028937,16727135.45
2021-06-07T16:00:00-03:00,24.698646,24.715918,24.517293,24.551836,12144277,16676895.7
2021-06-08T10:00:00-03:00,24.482749,24.741826,24.206401,24.603652,16963654,16850204.8
2021-06-08T13:00:00-03:00,24.603652,24.620923,24.240944,24.344575,11399896,14700545.95
2021-06-08T16:00:00-03:00,24.335939,24.500021,24.301395,24.370483,8168891,14357773.05
2021-06-09T10:00:00-03:00,24.327303,24.776369,23.964596,24.73319,26980688,15326305.9
2021-06-09T13:00:00-03:00,24.73319,24.897272,24.180493,24.223672,18875098,15783968.95
2021-06-09T16:00:00-03:00,24.206401,24.301395,24.154585,24.240944,8898400,15900503
2021-06-10T10:00:00-03:00,24.39639,24.638195,24.197765,24.413662,20649087,16684819.65
2021-06-10T13:00:00-03:00,24.413662,24.603652,24.301395,24.474113,7578978,16773198.75
2021-06-10T16:00:00-03:00,24.482749,24.595016,24.223672,24.284124,9306352,16267538.05
2021-06-11T10:00:00-03:00,24.240944,24.284124,23.947324,23.990503,25680996,16292505.75
2021-06-11T13:00:00-03:00,23.981868,24.163221,23.878237,24.145949,10260689,16171854.15
2021-06-11T16:00:00-03:00,24.145949,24.223672,24.025047,24.223672,5597294,15542378.65
2021-06-14T10:00:00-03:00,24.344575,24.43957,24.137314,24.154585,8493186,14047431.35
2021-06-14T13:00:00-03:00,24.145949,24.154585,23.886873,24.007775,11779592,13637465.45
2021-06-14T16:00:00-03:00,23.999139,24.145949,23.91278,24.094134,9352206,13143598.95
2021-06-15T10:00:00-03:00,24.10277,24.232308,23.981868,24.059591,7196856,12899918.3
2021-06-15T13:00:00-03:00,24.050955,24.223672,24.025047,24.111406,6534390,12673078.25
2021-06-15T16:00:00-03:00,24.10277,24.180493,24.076862,24.180493,5380182,12313482.45
2021-06-16T10:00:00-03:00,24.180493,24.284124,24.033683,24.240944,15120643,12318067.75
2021-06-16T13:00:00-03:00,24.24958,24.664103,24.025047,24.24958,46264165,14024062.15
2021-06-16T16:00:00-03:00,24.24958,24.482749,24.215037,24.275488,15431253,13947442.1
2021-06-17T10:00:00-03:00,24.370483,24.836821,24.232308,24.258216,20420161,14398455.35
2021-06-17T13:00:00-03:00,24.240944,24.370483,24.050955,24.050955,10143619,14497191.75
2021-06-17T16:00:00-03:00,24.050955,24.240944,24.050955,24.111406,6067191,13451516.9
2021-06-18T10:00:00-03:00,24.007775,24.180493,23.757334,23.878237,11244273,13069975.65
2021-06-18T13:00:00-03:00,23.878237,23.990503,23.748699,23.757334,9697695,13109940.4
2021-06-18T16:00:00-03:00,23.757334,23.835057,23.66234,23.835057,16114466,12883209.35
2021-06-21T10:00:00-03:00,23.740063,24.033683,23.670975,23.869601,13685124,13188516.65
2021-06-21T13:00:00-03:00,23.869601,23.895509,23.601888,23.722791,9126233,13179510.7
2021-06-21T16:00:00-03:00,23.722791,23.904145,23.688247,23.852329,6936243,12242273.05
2021-06-22T10:00:00-03:00,23.748699,23.852329,23.541437,23.679611,12777636,12368120.4
2021-06-22T13:00:00-03:00,23.66234,23.696883,23.308268,23.334176,17693859,12972948.65
2021-06-22T16:00:00-03:00,23.334176,23.575981,23.334176,23.489622,15746797,13335629.2
2021-06-23T10:00:00-03:00,23.593252,23.826422,23.385991,23.558709,16751746,13584236.9
2021-06-23T13:00:00-03:00,23.567345,23.575981,23.32554,23.394627,8031042,13518178.7
2021-06-23T16:00:00-03:00,23.403263,23.463714,23.316904,23.360083,7580418,13537356.8
2021-06-24T10:00:00-03:00,23.593252,23.61916,23.213273,23.463714,12329392,13827106.9
2021-06-24T13:00:00-03:00,23.463714,23.541437,23.368719,23.437806,6213389,13868767.25
2021-06-24T16:00:00-03:00,23.437806,23.524165,23.334176,23.506894,6304339,13427952.05
2021-06-25T10:00:00-03:00,23.489622,23.567345,23.03192,23.13555,11114571,11670472.35
2021-06-25T13:00:00-03:00,23.13555,23.152822,22.721028,22.721028,11502249,11474022.15
2021-06-25T16:00:00-03:00,22.729663,22.893745,22.65194,22.833294,9688591,10937443.65
2021-06-28T10:00:00-03:00,22.798751,22.928289,22.392864,22.479223,12839358,11072230.6
2021-06-28T13:00:00-03:00,22.479223,22.65194,22.410136,22.626033,9318698,11234805.95
2021-06-28T16:00:00-03:00,22.626033,22.703756,22.591489,22.643305,12253930,11285288.8
2021-06-29T10:00:00-03:00,22.626033,22.755571,22.289233,22.634669,15133961,11557102.1
2021-06-29T13:00:00-03:00,22.634669,22.669212,22.410136,22.461951,13821876,11442472.6
2021-06-29T16:00:00-03:00,22.453315,22.582853,22.436043,22.582853,6398374,11078135.1
2021-06-30T10:00:00-03:00,22.4015,22.65194,22.271961,22.341048,18551562,11549401.55
2021-06-30T13:00:00-03:00,22.341048,22.453315,22.202874,22.220146,12651068,11835142.8
2021-06-30T16:00:00-03:00,22.220146,22.280597,22.151059,22.151059,14796923,11936107.15
2021-07-01T10:00:00-03:00,22.220146,22.315141,21.831531,21.909254,16893136,11896071
2021-07-01T13:00:00-03:00,21.909254,21.969705,21.693357,21.710628,15218722,11869667.25
2021-07-01T16:00:00-03:00,21.701992,21.952433,21.701992,21.91789,8373847,11450772.3
2021-07-02T10:00:00-03:00,22.130568,22.234265,21.862685,21.983665,14146379,11756539.15
2021-07-02T13:00:00-03:00,21.975023,22.372527,21.931816,22.277472,15268189,12140927.7
2021-07-02T16:00:00-03:00,22.277472,22.545354,22.208341,22.545354,12025705,12125743.35
2021-07-05T10:00:00-03:00,22.325209,22.360394,21.990947,22.017336,9389005,12284524.15
2021-07-05T13:00:00-03:00,22.017336,22.122892,21.990947,22.07891,5329030,12235758.7
2021-07-05T16:00:00-03:00,22.07891,22.096503,21.98215,21.990947,4939256,11926992.95
2021-07-06T10:00:00-03:00,21.902983,21.973354,21.489553,21.771037,19992230,12351492
2021-07-06T13:00:00-03:00,21.771037,21.850205,21.647888,21.718259,8457022,12289913.55
2021-07-06T16:00:00-03:00,21.709462,21.779833,21.656684,21.674277,7462574,12021074.35
2021-07-07T10:00:00-03:00,21.929372,21.955761,21.551128,21.762241,17467903,12428534.6
2021-07-07T13:00:00-03:00,21.771037,21.973354,21.69187,21.88539,11672561,12399466.15
2021-07-07T16:00:00-03:00,21.88539,21.938168,21.841408,21.859001,5943090,11939922.6
2021-07-08T10:00:00-03:00,21.542331,21.78863,21.392793,21.744648,18363947,12167026.15
2021-07-08T13:00:00-03:00,21.753444,21.771037,21.322422,21.630295,36462757,13670245.3
2021-07-08T16:00:00-03:00,21.630295,21.709462,21.542331,21.621499,18574876,13671411
2021-07-12T10:00:00-03:00,21.744648,22.07891,21.718259,22.017336,16207033,13849209.25
2021-07-12T13:00:00-03:00,22.017336,22.307616,21.999743,22.20206,12862247,13752475.45
2021-07-12T16:00:00-03:00,22.210856,22.228449,21.990947,22.210856,7102312,13262934.25
2021-07-13T10:00:00-03:00,21.999743,22.140485,21.823815,22.043725,11905386,13097267.45
2021-07-13T13:00:00-03:00,22.043725,22.342802,21.955761,22.219652,18252198,13591185
2021-07-13T16:00:00-03:00,22.210856,22.246042,22.096503,22.158078,6185912,13193161.65
2021-07-14T10:00:00-03:00,22.430766,22.861788,22.087707,22.175671,43873648,14623434.6
2021-07-14T13:00:00-03:00,22.184467,22.307616,22.122892,22.290023,13297766,14687037.65
2021-07-14T16:00:00-03:00,22.29882,22.29882,22.114096,22.254838,13583957,14896785.25
2021-07-15T10:00:00-03:00,22.184467,22.307616,21.779833,21.797426,17208811,15490774.3
2021-07-15T13:00:00-03:00,21.797426,21.929372,21.727055,21.797426,11702223,15828922.65
2021-07-15T16:00:00-03:00,21.78863,21.938168,21.779833,21.841408,8728893,15265755.8
2021-07-16T10:00:00-03:00,21.98215,22.043725,21.700666,21.753444,15140348,15599922.1
2021-07-16T13:00:00-03:00,21.753444,21.771037,21.524739,21.533535,12033839,15828485.35
2021-07-16T16:00:00-03:00,21.542331,21.577517,21.401589,21.436775,12600385,15585109.45
2021-07-19T10:00:00-03:00,21.208069,21.304829,20.988159,21.216865,22050693,16104016.05
2021-07-19T13:00:00-03:00,21.216865,21.252051,21.032141,21.049734,13452606,16479491.85
2021-07-19T16:00:00-03:00,21.049734,21.155291,21.005752,21.155291,13583050,16240447
2021-07-20T10:00:00-03:00,21.128901,21.252051,20.96177,21.172883,23007447,15567681.5
2021-07-20T13:00:00-03:00,21.172883,21.427978,21.08492,21.401589,18852325,15581553.95
2021-07-20T16:00:00-03:00,21.401589,21.463164,21.331218,21.454367,10682763,15305340.45
2021-07-21T10:00:00-03:00,21.3752,21.647888,21.287236,21.463164,17942643,15559360.25
2021-07-21T13:00:00-03:00,21.454367,21.498349,21.383996,21.489553,8463508,15627420.05
2021-07-21T16:00:00-03:00,21.489553,21.542331,21.401589,21.463164,6596881,15361994.8
2021-07-22T10:00:00-03:00,21.454367,21.489553,21.08492,21.172883,10817885,14990279.15
2021-07-22T13:00:00-03:00,21.18168,21.304829,21.137698,21.199272,11065487,15234257.9
2021-07-22T16:00:00-03:00,21.199272,21.304829,21.164087,21.269644,8754243,13478287.65
2021-07-23T10:00:00-03:00,21.296033,21.340015,21.08492,21.155291,15738096,13600304.15
2021-07-23T13:00:00-03:00,21.155291,21.172883,20.900196,20.996956,13460105,13594111.55
2021-07-23T16:00:00-03:00,21.005752,21.08492,20.96177,21.014549,7141424,13090742.2
2021-07-26T10:00:00-03:00,21.040938,21.331218,21.032141,21.208069,19165872,13463924.65
2021-07-26T13:00:00-03:00,21.208069,21.260847,21.08492,21.093716,9621935,13508576.75
2021-07-26T16:00:00-03:00,21.093716,21.252051,21.08492,21.164087,5921714,13047645.05
2021-07-27T10:00:00-03:00,21.120105,21.357607,20.970567,21.269644,19756792,13433792.7
2021-07-27T13:00:00-03:00,21.260847,21.322422,21.076123,21.313625,8497159,13228631.4
2021-07-27T16:00:00-03:00,21.322422,21.419182,21.287236,21.348811,12972686,12774731.05
2021-07-28T10:00:00-03:00,21.603906,21.823815,21.436775,21.78863,23488898,13276545.65
2021-07-28T13:00:00-03:00,21.797426,22.052521,21.753444,22.043725,21843557,13689571
2021-07-28T16:00:00-03:00,22.043725,22.061318,21.823815,21.902983,8531081,12965752.7
2021-07-29T10:00:00-03:00,21.920576,22.043725,21.463164,21.700666,18968625,12971567.7
2021-07-29T13:00:00-03:00,21.700666,21.779833,21.612702,21.683073,10393962,12957127.65
2021-07-29T16:00:00-03:00,21.69187,21.718259,21.612702,21.647888,6974651,12408728.05
2021-07-30T10:00:00-03:00,21.559924,21.911779,21.480757,21.507146,10895536,12530329.45
2021-07-30T13:00:00-03:00,21.507146,21.551128,21.296033,21.366404,13670875,12884029.15
2021-07-30T16:00:00-03:00,21.366404,21.498349,21.304829,21.340015,17007299,13193499.85
2021-08-02T10:00:00-03:00,21.647888,22.096503,21.577517,21.674277,21087798,13694615.4
2021-08-02T13:00:00-03:00,21.683073,21.859001,21.603906,21.69187,12980480,13905927.25
2021-08-02T16:00:00-03:00,21.69187,21.779833,21.383996,21.480757,15587395,13898392.2
2021-08-03T10:00:00-03:00,21.741426,21.759031,21.11647,21.415745,30988085,14774791.2
2021-08-03T13:00:00-03:00,21.415745,21.671009,21.371734,21.512569,19535376,15394488.8
2021-08-03T16:00:00-03:00,21.521371,21.679811,21.415745,21.55658,13097827,15091086.55
2021-08-04T10:00:00-03:00,21.072459,21.11647,20.75558,20.825998,59844748,17602227.2
2021-08-04T13:00:00-03:00,20.825998,20.91402,20.720371,20.764382,28209692,18716626.1
2021-08-04T16:00:00-03:00,20.764382,20.781987,20.597141,20.614745,24244819,18941027.45
2021-08-05T10:00:00-03:00,20.905218,20.975635,20.614745,20.667558,30971613,20064750.15
2021-08-05T13:00:00-03:00,20.67636,20.693965,20.289064,20.385888,24775768,20654904.25
2021-08-05T16:00:00-03:00,20.385888,20.491514,20.289064,20.31547,16433922,20302155.45
2021-08-06T10:00:00-03:00,20.544328,20.896415,20.421097,20.861207,21826510,20301303.1
2021-08-06T13:00:00-03:00,20.861207,20.931624,20.693965,20.852404,18756703,20812584.2
2021-08-06T16:00:00-03:00,20.843602,20.905218,20.8348,20.861207,11235337,20425919.8
2021-08-09T10:00:00-03:00,20.773185,21.186888,20.773185,21.081262,20504343,20931438.85
2021-08-09T13:00:00-03:00,21.090064,21.169283,20.975635,20.99324,9617396,21063576.1
2021-08-09T16:00:00-03:00,20.99324,21.028448,20.8348,20.843602,9770478,21007323.2
2021-08-10T10:00:00-03:00,20.940426,20.99324,20.605943,20.649954,16462854,21146922.15
2021-08-10T13:00:00-03:00,20.649954,20.773185,20.561932,20.632349,14976861,21045400.25
2021-08-10T16:00:00-03:00,20.632349,20.729174,20.55313,20.579536,8793101,20430665.4
2021-08-11T10:00:00-03:00,20.561932,20.887613,20.333075,20.8348,12489073,20406095.05
2021-08-11T13:00:00-03:00,20.8348,20.984437,20.808393,20.852404,8011431,20027296.85
2021-08-11T16:00:00-03:00,20.852404,20.878811,20.641152,20.641152,10834188,19019602
2021-08-12T10:00:00-03:00,20.579536,20.693965,20.377086,20.438701,14566165,18771141.45
2021-08-12T13:00:00-03:00,20.438701,20.55313,20.271459,20.297866,16978060,18965153.1
2021-08-12T16:00:00-03:00,20.297866,20.359481,20.227448,20.306668,9805464,16463188.9
2021-08-13T10:00:00-03:00,20.377086,20.509119,20.104218,20.280262,11159626,15610685.6
2021-08-13T13:00:00-03:00,20.280262,20.341877,20.19224,20.31547,9259983,14861443.8
2021-08-13T16:00:00-03:00,20.31547,20.500317,20.306668,20.456306,23656558,14495691.05
2021-08-16T10:00:00-03:00,20.377086,20.579536,20.262657,20.403492,11796738,13846739.55
2021-08-16T13:00:00-03:00,20.412295,20.421097,20.174635,20.218646,11946359,13622361.4
2021-08-16T16:00:00-03:00,20.218646,20.297866,20.165833,20.297866,9200156,12991043.7
2021-08-17T10:00:00-03:00,20.31547,20.421097,19.998591,20.148229,23284892,13217453.15
2021-08-17T13:00:00-03:00,20.157031,20.253855,19.963383,20.060207,14444259,13377899.25
2021-08-17T16:00:00-03:00,20.069009,20.201042,20.007394,20.077811,10753523,12890358.25
2021-08-18T10:00:00-03:00,20.165833,20.421097,20.095415,20.183437,17618580,13290417.45
2021-08-18T13:00:00-03:00,20.183437,20.588339,20.130624,20.31547,15704166,13587101.85
2021-08-18T16:00:00-03:00,20.31547,20.403492,19.963383,19.972185,14506562,13489287.25
2021-08-19T10:00:00-03:00,19.910569,20.280262,19.734525,19.884163,22629828,13871935.6
2021-08-19T13:00:00-03:00,19.892965,20.095415,19.857756,20.024998,26158841,14740222.6
2021-08-19T16:00:00-03:00,20.016196,20.104218,20.016196,20.051404,9313201,14581429
2021-08-20T10:00:00-03:00,19.822547,20.042602,19.760932,19.892965,12726617,14817188.3
2021-08-20T13:00:00-03:00,19.892965,20.016196,19.884163,19.945778,11396841,14845320.95
2021-08-20T16:00:00-03:00,19.95458,19.989789,19.884163,19.910569,8130103,14523517.85
2021-08-23T10:00:00-03:00,20.024998,20.165833,19.892965,19.919372,15260311,14437630.4
2021-08-23T13:00:00-03:00,19.919372,20.148229,19.875361,20.077811,7059393,14300326.85
2021-08-23T16:00:00-03:00,20.077811,20.130624,20.016196,20.0338,10663665,14275528.8
2021-08-24T10:00:00-03:00,20.245053,20.649954,20.157031,20.544328,14688401,14546949.7
2021-08-24T13:00:00-03:00,20.535525,20.67636,20.39469,20.658756,15720308,14150137.2
2021-08-24T16:00:00-03:00,20.658756,20.702767,20.570734,20.641152,11840077,14152304.15
2021-08-25T10:00:00-03:00,20.55313,20.579536,20.350679,20.526723,9302473,14020109.85
2021-08-25T13:00:00-03:00,20.509119,20.658756,20.47391,20.588339,7180958,13919149.95
2021-08-25T16:00:00-03:00,20.588339,20.632349,20.535525,20.605943,4279346,12968872.65
2021-08-26T10:00:00-03:00,20.55313,20.649954,20.271459,20.359481,12119839,12852651.65
2021-08-26T13:00:00-03:00,20.350679,20.385888,20.253855,20.262657,12497705,12939860.75
2021-08-26T16:00:00-03:00,20.271459,20.350679,20.19224,20.227448,9570639,12537463.7
2021-08-27T10:00:00-03:00,20.333075,20.509119,20.130624,20.465108,12949411,12399725.95
2021-08-27T13:00:00-03:00,20.465108,20.526723,20.403492,20.421097,6546691,12001732.4
2021-08-27T16:00:00-03:00,20.438701,20.482712,20.421097,20.421097,3996688,11070075.4
2021-08-30T10:00:00-03:00,20.421097,20.500317,20.218646,20.39469,13046200,10414443.35
2021-08-30T13:00:00-03:00,20.385888,20.447503,20.227448,20.253855,5101587,10203862.65
2021-08-30T16:00:00-03:00,20.245053,20.289064,20.183437,20.289064,5415313,9838297.45
2021-08-31T10:00:00-03:00,20.306668,20.614745,20.236251,20.438701,12283996,9882655.2
2021-08-31T13:00:00-03:00,20.438701,20.500317,20.19224,20.280262,10102385,9981269.3
2021-08-31T16:00:00-03:00,20.280262,20.377086,20.227448,20.297866,14017371,9919122.3
2021-09-01T10:00:00-03:00,20.491514,20.685163,20.385888,20.456306,10136701,10072987.7
2021-09-01T13:00:00-03:00,20.456306,20.526723,20.385888,20.421097,10441955,10061902.2
2021-09-01T16:00:00-03:00,20.412295,20.491514,20.236251,20.289064,7248941,9689929.2
2021-09-02T10:00:00-03:00,20.259194,20.285619,19.765926,19.924477,19709528,9889390.2
2021-09-02T13:00:00-03:00,19.924477,20.003752,19.572143,19.651418,11999437,9897358.2
2021-09-02T16:00:00-03:00,19.651418,19.651418,19.528101,19.598568,11672184,10015843.75
2021-09-03T10:00:00-03:00,19.783543,19.783543,19.360743,19.501676,15139531,10413772.4
2021-09-03T13:00:00-03:00,19.501676,19.536909,19.281467,19.431209,17417145,11070662.35
2021-09-03T16:00:00-03:00,19.431209,19.528101,19.307892,19.404784,17831236,11356232.2
2021-09-06T10:00:00-03:00,19.387168,19.80116,19.360743,19.651418,9859089,11224301.4
2021-09-06T13:00:00-03:00,19.64261,19.774735,19.633801,19.774735,3804820,10936010.45
2021-09-06T16:00:00-03:00,19.774735,19.809968,19.686651,19.792351,3921016,10484590.7
2021-09-08T10:00:00-03:00,19.404784,19.440018,18.832242,18.973175,26861371,11500324.7
2021-09-08T13:00:00-03:00,18.973175,18.990792,18.603225,18.638458,16640714,12132526
2021-09-08T16:00:00-03:00,18.620842,18.673692,18.453483,18.656075,17343055,12347368.75
2021-09-09T10:00:00-03:00,18.664883,18.73535,18.268508,18.338975,26959004,13440239.6
2021-09-09T13:00:00-03:00,18.330166,18.603225,18.268508,18.303741,20561552,14197551.55
2021-09-09T16:00:00-03:00,18.294933,18.8939,18.189233,18.849859,31650630,15165883.25
2021-09-10T10:00:00-03:00,18.94675,19.166959,18.550375,18.691308,29360478,16128787.9
2021-09-10T13:00:00-03:00,18.700117,18.744158,18.427058,18.620842,13886178,16122228.25
2021-09-10T16:00:00-03:00,18.62965,18.664883,18.444675,18.550375,13740677,16302427.05
2021-09-13T10:00:00-03:00,18.761775,18.973175,18.541566,18.849859,24168705,16988764.55
2021-09-13T13:00:00-03:00,18.858667,18.94675,18.726542,18.832242,10448972,17148766.1
2021-09-13T16:00:00-03:00,18.832242,18.885092,18.726542,18.858667,8402219,16583400.65
2021-09-14T10:00:00-03:00,18.849859,18.94675,18.700117,18.937942,15486812,16757769.4
2021-09-14T13:00:00-03:00,18.937942,18.937942,18.691308,18.700117,8725494,16610434.9
2021-09-14T16:00:00-03:00,18.700117,18.752967,18.559183,18.744158,13599680,16533442.35
2021-09-15T10:00:00-03:00,18.761775,18.761775,18.4711,18.515141,6868851,16006027.65
2021-09-15T13:00:00-03:00,18.515141,18.594417,18.4711,18.488716,5953131,15412122.4
2021-09-15T16:00:00-03:00,18.497525,18.541566,18.41825,18.52395,6733686,15255852.25
2021-09-16T10:00:00-03:00,18.41825,18.444675,18.065916,18.101149,27654819,16448352.2
2021-09-16T13:00:00-03:00,18.109958,18.312549,18.021874,18.198041,32917330,17898167.9
2021-09-16T16:00:00-03:00,18.206849,18.3654,18.180424,18.3654,16169393,17363569
2021-09-17T10:00:00-03:00,18.233274,18.233274,17.863324,17.960216,27241576,17893612.1
2021-09-17T13:00:00-03:00,17.960216,18.004257,17.72239,17.819282,27347273,18393823
2021-09-17T16:00:00-03:00,17.819282,17.82809,17.634307,17.634307,36638072,18877776.4
2021-09-20T10:00:00-03:00,17.361248,17.502182,16.929639,17.000106,29327337,19316065.65
2021-09-20T13:00:00-03:00,17.000106,17.026531,16.867981,16.894406,36951466,19581107.45
2021-09-20T16:00:00-03:00,16.894406,17.017723,16.867981,17.008914,19456619,19085914.5
2021-09-21T10:00:00-03:00,17.149848,17.378865,16.894406,17.370057,32840244,20033617.8
2021-09-21T13:00:00-03:00,17.370057,17.449332,17.281973,17.343632,12644170,19978792.45
2021-09-21T16:00:00-03:00,17.334823,17.361248,17.123423,17.211506,10350937,19287904.05
2021-09-22T10:00:00-03:00,17.475757,17.757624,17.414098,17.678349,18401444,19685527.65
2021-09-22T13:00:00-03:00,17.66954,17.695965,17.440523,17.519798,13993003,19965066.85
2021-09-22T16:00:00-03:00,17.51099,17.625499,17.387673,17.40529,11548779,19768165.2
2021-09-23T10:00:00-03:00,17.56384,18.215658,17.51099,18.189233,22181267,20440953.85
2021-09-23T13:00:00-03:00,18.189233,18.321358,18.118766,18.136383,18493288,20685634.25
2021-09-23T16:00:00-03:00,18.136383,18.312549,18.074724,18.277316,12221777,20953280.55
2021-09-24T10:00:00-03:00,18.057107,18.180424,17.933791,18.048299,15710808,21441164.4
2021-09-24T13:00:00-03:00,18.048299,18.136383,17.836899,17.969024,12936506,21751305.4
2021-09-24T16:00:00-03:00,17.960216,17.969024,17.784049,17.872132,17523689,21244748.9
2021-09-27T10:00:00-03:00,17.801665,18.180424,17.660732,18.092341,34726985,21335231.65
2021-09-27T13:00:00-03:00,18.083533,18.479908,18.065916,18.453483,32443577,22148940.85
2021-09-27T16:00:00-03:00,18.462291,18.6825,18.3654,18.41825,24872281,22030476.1
2021-09-28T10:00:00-03:00,18.541566,18.920325,18.338975,18.427058,70604997,24193362.3
2021-09-28T13:00:00-03:00,18.41825,18.488716,18.092341,18.268508,21201165,23421516.95
2021-09-28T16:00:00-03:00,18.268508,18.286124,17.969024,18.013066,21850828,23047691.5
2021-09-29T10:00:00-03:00,18.180424,18.532758,18.021874,18.427058,32964218,22848329.1
2021-09-29T13:00:00-03:00,18.435866,18.453483,18.224466,18.250891,18653126,22808154.45
2021-09-29T16:00:00-03:00,18.242083,18.391825,18.224466,18.338975,14430709,21887677.7
2021-09-30T10:00:00-03:00,18.52395,18.620842,18.268508,18.347783,33342036,22922571
2021-09-30T13:00:00-03:00,18.3654,18.462291,18.198041,18.338975,24783565,23644202.4
2021-09-30T16:00:00-03:00,18.338975,18.488716,18.250891,18.356591,21624676,23805364
2021-10-01T10:00:00-03:00,18.41825,18.752967,18.374208,18.673692,23055218,24258474.75
2021-10-01T13:00:00-03:00,18.673692,18.902709,18.673692,18.779392,13849846,24373528.1
2021-10-01T16:00:00-03:00,18.779392,18.858667,18.700117,18.849859,11091488,23819039.15
2021-10-04T10:00:00-03:00,18.626096,18.652541,18.141271,18.202976,24269679,24107858.7
2021-10-04T13:00:00-03:00,18.194161,18.299941,18.132456,18.255866,10510970,24022318.35
2021-10-04T16:00:00-03:00,18.247051,18.317571,18.229421,18.282311,9137905,23693673.2
2021-10-05T10:00:00-03:00,18.458611,18.802396,18.229421,18.793581,18881366,23990916.2
2021-10-05T13:00:00-03:00,18.793581,18.811211,18.493871,18.608466,10623845,23645924
2021-10-05T16:00:00-03:00,18.599651,18.705431,18.467426,18.467426,7558667,22287508.1
2021-10-06T10:00:00-03:00,18.352831,18.546761,18.220606,18.396906,17847788,21557718.65
2021-10-06T13:00:00-03:00,18.396906,18.599651,18.335201,18.564391,10591525,20843680.85
2021-10-06T16:00:00-03:00,18.564391,18.775951,18.546761,18.758321,10779992,17852430.6
2021-10-07T10:00:00-03:00,18.846471,19.022771,18.643726,18.811211,19979715,17791358.1
2021-10-07T13:00:00-03:00,18.820026,18.846471,18.370461,18.388091,26935134,18045573.4
2021-10-07T16:00:00-03:00,18.379276,18.449796,18.255866,18.282311,19042268,17349475.9
2021-10-08T10:00:00-03:00,18.449796,18.872916,18.449796,18.828841,21314150,17482527.1
2021-10-08T13:00:00-03:00,18.828841,18.828841,18.370461,18.379276,44261847,18974084
2021-10-08T16:00:00-03:00,18.379276,18.423351,18.282311,18.370461,12712044,17942584.4
2021-10-11T10:00:00-03:00,18.458611,18.537946,18.238236,18.344016,17891797,17597996
2021-10-11T13:00:00-03:00,18.344016,18.352831,17.991416,18.044306,12992198,17166372.1
2021-10-11T16:00:00-03:00,18.053121,18.061936,18.000231,18.044306,9757528,16501487.6
2021-10-13T10:00:00-03:00,18.097196,18.132456,17.638816,18.044306,23653794,16991685
2021-10-13T13:00:00-03:00,18.044306,18.079566,17.876821,17.938526,19799344,17427077.8
2021-10-13T16:00:00-03:00,17.938526,18.026676,17.938526,17.982601,9433306,16685259.15
2021-10-14T10:00:00-03:00,18.097196,18.097196,17.700521,17.806301,28283857,17573903.5
2021-10-14T13:00:00-03:00,17.797486,17.929711,17.771041,17.832746,8752383,17554627.4
2021-10-14T16:00:00-03:00,17.841561,17.903266,17.771041,17.850376,13591673,17290142.75
2021-10-15T10:00:00-03:00,17.885636,18.634911,17.850376,18.617281,24863769,18002138.95
2021-10-15T13:00:00-03:00,18.626096,18.678986,18.493871,18.573206,14999113,18374161.25
2021-10-15T16:00:00-03:00,18.573206,18.820026,18.546761,18.758321,26825949,18823069.3
2021-10-18T10:00:00-03:00,18.652541,18.987511,18.511501,18.978696,14013070,18994146.55
2021-10-18T13:00:00-03:00,18.978696,19.190256,18.952251,19.163811,18345112,19372402.55
2021-10-18T16:00:00-03:00,19.172626,19.190256,19.049216,19.128551,9762292,18861531.4
2021-10-19T10:00:00-03:00,18.890546,18.890546,18.564391,18.714246,22552270,18642388.2
2021-10-19T13:00:00-03:00,18.714246,18.802396,18.511501,18.537946,15751927,18477871.15
2021-10-19T16:00:00-03:00,18.537946,18.784766,18.449796,18.643726,12695701,18046948.7
2021-10-20T10:00:00-03:00,18.696616,18.978696,18.502686,18.872916,13150336,16491373.15
2021-10-20T13:00:00-03:00,18.872916,19.163811,18.846471,19.110921,25388563,17125199.1
2021-10-20T16:00:00-03:00,19.102106,19.146181,18.670171,18.714246,16461213,17053669.9
2021-10-21T10:00:00-03:00,18.634911,19.269591,18.617281,18.899361,27277849,17767952.45
2021-10-21T13:00:00-03:00,18.908176,18.943436,18.440981,18.723061,22204222,18390287.15
2021-10-21T16:00:00-03:00,18.723061,18.846471,18.687801,18.784766,15667343,17990964.6
2021-10-22T10:00:00-03:00,18.670171,18.670171,17.374366,17.726966,44904277,19246211.25
2021-10-22T13:00:00-03:00,17.735781,18.326386,17.612371,18.211791,34662517,20507671.8
2021-10-22T16:00:00-03:00,18.211791,18.282311,17.964971,18.000231,8910001,19538979
2021-10-25T10:00:00-03:00,18.194161,18.590836,18.123641,18.299941,14273759,19815047.8
2021-10-25T13:00:00-03:00,18.299941,18.423351,18.211791,18.388091,8312787,19551103.5
2021-10-25T16:00:00-03:00,18.396906,18.440981,18.282311,18.335201,5749814,18595405.75
2021-10-26T10:00:00-03:00,18.220606,18.229421,17.850376,17.956156,20787889,18884844.55
2021-10-26T13:00:00-03:00,17.964971,18.106011,17.885636,18.017861,8748749,17980984.55
2021-10-26T16:00:00-03:00,18.026676,18.079566,17.885636,17.903266,12270853,17893873.7
2021-10-27T10:00:00-03:00,18.070751,18.537946,18.017861,18.370461,15921179,17772677.05
2021-10-27T13:00:00-03:00,18.379276,18.432166,18.229421,18.299941,8444042,17706764.55
2021-10-27T16:00:00-03:00,18.299941,18.317571,18.079566,18.202976,8379314,16998116.75
2021-10-28T10:00:00-03:00,18.070751,18.229421,17.762226,17.797486,12241097,16822575.25
2021-10-28T13:00:00-03:00,17.797486,18.158901,17.779856,17.938526,10816132,16728596.8
2021-10-28T16:00:00-03:00,17.947341,18.097196,17.841561,17.876821,7073924,16424776.2
2021-10-29T10:00:00-03:00,18.158901,18.185346,17.841561,17.912081,11739221,15742309.1
2021-10-29T13:00:00-03:00,17.929711,17.956156,17.603556,17.744596,11600821,15499289.5
2021-10-29T16:00:00-03:00,17.744596,17.753411,17.541851,17.630001,8390884,14554941.25
2021-11-01T10:00:00-03:00,17.841561,18.255866,17.709336,18.220606,14820902,14185775.25
2021-11-01T13:00:00-03:00,18.229421,18.273496,18.079566,18.097196,9197520,13862284.1
2021-11-01T16:00:00-03:00,18.106011,18.247051,18.088381,18.158901,7582487,11996194.6
2021-11-03T10:00:00-03:00,17.98787,18.349569,17.829076,18.349569,21806194,11353378.45
2021-11-03T13:00:00-03:00,18.349569,18.358391,17.934939,18.199596,15469918,11681374.3
2021-11-03T16:00:00-03:00,18.199596,18.243706,17.996692,18.21724,14758332,11705602.95
2021-11-04T10:00:00-03:00,18.093733,18.17313,17.229186,17.335049,26788558,12629391.5
2021-11-04T13:00:00-03:00,17.335049,17.335049,16.92042,16.955707,26342511,13659026.35
2021-11-04T16:00:00-03:00,16.946885,17.017461,16.805735,16.823379,27997073,14019485.55
2021-11-05T10:00:00-03:00,17.555597,17.996692,17.299762,17.705569,73962942,17280195.2
2021-11-05T13:00:00-03:00,17.705569,17.979048,17.582063,17.643816,35092433,18421274.2
2021-11-05T16:00:00-03:00,17.652638,17.732035,17.608528,17.696747,12677033,18259066.9
2021-11-08T10:00:00-03:00,17.467378,17.970227,17.440912,17.61735,10732843,18373506.95
2021-11-08T13:00:00-03:00,17.61735,17.705569,17.352693,17.361515,17579217,18833502.1
2021-11-08T16:00:00-03:00,17.361515,17.387981,17.24683,17.282118,22534975,19348196
2021-11-09T10:00:00-03:00,17.335049,17.670282,17.220364,17.229186,27053350,20160056.9
2021-11-09T13:00:00-03:00,17.229186,17.343871,17.070392,17.088036,14940104,20553365.9
2021-11-09T16:00:00-03:00,17.079214,17.096858,16.973351,17.017461,24133954,21173102.55
2021-11-10T10:00:00-03:00,17.035104,18.129021,16.999817,18.120199,48290141,23007568.55
2021-11-10T13:00:00-03:00,18.129021,18.393678,18.067268,18.120199,35040854,24340067.05
2021-11-10T16:00:00-03:00,18.129021,18.155487,17.970227,18.005514,13617067,24279875.3
2021-11-11T10:00:00-03:00,18.243706,18.331925,18.03198,18.120199,8976677,24268833.15
2021-11-11T13:00:00-03:00,18.129021,18.17313,17.943761,18.093733,18900241,24834720.85
2021-11-11T16:00:00-03:00,18.093733,18.155487,18.005514,18.102555,4900245,23989423.4
2021-11-12T10:00:00-03:00,18.278993,18.331925,17.829076,17.952583,11908667,23811360.85
2021-11-12T13:00:00-03:00,17.952583,18.21724,17.917295,18.190774,13580757,23752482.1
2021-11-12T16:00:00-03:00,18.208418,18.393678,18.17313,18.340747,19329886,23379548.5
2021-11-16T10:00:00-03:00,18.270171,18.517185,17.979048,18.03198,17736775,22949261.7
2021-11-16T13:00:00-03:00,18.040802,18.437788,18.023158,18.358391,11245204,22111668.25
2021-11-16T16:00:00-03:00,18.358391,18.393678,18.190774,18.252528,9913330,18909187.65
2021-11-17T10:00:00-03:00,18.358391,18.526007,18.137843,18.437788,13780610,17843596.5
2021-11-17T13:00:00-03:00,18.437788,18.517185,18.234884,18.305459,18235758,18121532.75
2021-11-17T16:00:00-03:00,18.314281,18.455432,18.287815,18.331925,9453561,18057568.65
2021-11-18T10:00:00-03:00,18.340747,18.384856,17.705569,17.749679,17978333,18077524.45
2021-11-18T13:00:00-03:00,17.749679,18.111377,17.643816,18.014336,30766052,18489078.3
2021-11-18T16:00:00-03:00,18.014336,18.164309,17.996692,18.084911,9812105,17627016.05
2021-11-19T10:00:00-03:00,18.03198,18.155487,17.829076,18.129021,23212913,18040656.5
2021-11-19T13:00:00-03:00,18.129021,18.243706,17.996692,18.049624,11433380,17405627.8
2021-11-19T16:00:00-03:00,18.049624,18.164309,18.049624,18.084911,6199623,15301101.9
2021-11-22T10:00:00-03:00,18.17313,18.358391,17.943761,18.349569,19046694,14501393.9
2021-11-22T13:00:00-03:00,18.349569,18.384856,17.80261,17.864364,13378647,14489472.9
2021-11-22T16:00:00-03:00,17.873186,17.943761,17.793788,17.811432,7633891,14422333.6
2021-11-23T10:00:00-03:00,17.970227,18.040802,17.555597,17.899651,11925789,14073611
2021-11-23T13:00:00-03:00,17.882007,18.111377,17.626172,18.049624,17745507,14715874.1
2021-11-23T16:00:00-03:00,18.049624,18.146665,17.890829,18.093733,10755444,14658212.95
2021-11-24T10:00:00-03:00,17.908473,18.393678,17.855542,18.358391,10701569,14514253.55
2021-11-24T13:00:00-03:00,18.358391,18.623048,18.323103,18.570116,12592311,14177374.8
2021-11-24T16:00:00-03:00,18.570116,18.684801,18.44661,18.614226,12964712,13938771.65
2021-11-25T10:00:00-03:00,18.675979,18.967102,18.561294,18.887705,8655292,13809276.05
2021-11-25T13:00:00-03:00,18.887705,18.922993,18.746554,18.790664,5308621,13579040.6
2021-11-25T16:00:00-03:00,18.808308,18.825952,18.711267,18.781842,2687906,13024405.4
2021-11-26T10:00:00-03:00,18.226062,18.323103,17.820254,17.84672,23929088,13309071.9
2021-11-26T13:00:00-03:00,17.84672,18.005514,17.820254,17.934939,12004448,13436616.25
2021-11-26T16:00:00-03:00,17.934939,18.111377,17.917295,18.023158,6125718,12843985.5
2021-11-29T10:00:00-03:00,18.305459,18.331925,17.882007,18.023158,13038582,11957612
2021-11-29T13:00:00-03:00,18.03198,18.111377,17.908473,18.093733,10626068,11998310.15
2021-11-29T16:00:00-03:00,18.093733,18.102555,17.890829,17.908473,5835979,11129463.45
2021-11-30T10:00:00-03:00,17.855542,17.961405,17.61735,17.626172,12962070,11205897.95
2021-11-30T13:00:00-03:00,17.626172,17.705569,17.379159,17.4762,23047083,12048270.95
2021-11-30T16:00:00-03:00,17.4762,17.608528,17.405624,17.582063,18933371,12042604.8
2021-12-01T10:00:00-03:00,17.829076,18.137843,17.740857,18.084911,14940329,12120688.9
2021-12-01T13:00:00-03:00,18.093733,18.102555,17.4762,17.546775,16436034,12560796.05
2021-12-01T16:00:00-03:00,17.555597,17.670282,17.485022,17.599706,7476557,12338334.45
2021-12-02T10:00:00-03:00,17.825925,18.117285,17.702317,18.099626,26632569,12782687.55
2021-12-02T13:00:00-03:00,18.099626,18.435132,18.06431,18.25855,22638040,13376817.35
2021-12-02T16:00:00-03:00,18.25855,18.35567,18.179088,18.276208,11524693,13417973.55
2021-12-03T10:00:00-03:00,18.364499,18.797124,18.311524,18.54991,20676460,13822181
2021-12-03T13:00:00-03:00,18.541081,18.611713,18.399815,18.417473,9152499,13631570.35
2021-12-03T16:00:00-03:00,18.426303,18.470448,18.223234,18.311524,7896006,13593606.05
2021-12-06T10:00:00-03:00,18.488106,19.203262,18.338012,19.1238,18354697,14245909.85
2021-12-06T13:00:00-03:00,19.132629,19.176775,18.867757,18.885415,19013882,15062208.65
2021-12-06T16:00:00-03:00,18.885415,18.92956,18.761808,18.761808,7320408,14231774.65
2021-12-07T10:00:00-03:00,19.070826,19.070826,18.496935,18.673517,19948180,14628961.25
2021-12-07T13:00:00-03:00,18.682346,18.735321,18.346841,18.505764,15052425,15075296.6
2021-12-07T16:00:00-03:00,18.505764,18.54991,18.399815,18.45279,6169664,14731850.7
2021-12-08T10:00:00-03:00,18.655859,18.655859,18.037823,18.170259,17189913,15060042.95
2021-12-08T13:00:00-03:00,18.170259,18.329183,18.152601,18.25855,9629328,15249710.4
2021-12-08T16:00:00-03:00,18.25855,18.382157,18.240892,18.364499,6423370,14922775.4
2021-12-09T10:00:00-03:00,18.26737901,18.26737901,18.01133552,18.04665186,9873647,14264103.6
2021-12-09T13:00:00-03:00,18.04665186,18.04665186,17.878899,17.896557,8928463,13763858.2
2021-12-09T16:00:00-03:00,17.905386,17.931874,17.799437,17.923045,6890349,13361359.2
2021-12-10T10:00:00-03:00,18.028994,18.108455,17.640514,17.719976,16889428,13384028.9
2021-12-10T13:00:00-03:00,17.719976,17.896557,17.667001,17.817096,6925089,13356455.5
2021-12-10T16:00:00-03:00,17.817096,17.834754,17.77295,17.825925,6180768,12333865.45
2021-12-13T10:00:00-03:00,17.914216,18.134943,17.737634,17.781779,9871267,11695526.8
2021-12-13T13:00:00-03:00,17.77295,17.852412,17.693488,17.781779,6510214,11444802.85
2021-12-13T16:00:00-03:00,17.781779,17.799437,17.534565,17.57871,9094883,10865724
2021-12-14T10:00:00-03:00,17.737634,18.232063,17.702317,18.028994,28037238,11809960.95
2021-12-14T13:00:00-03:00,18.020165,18.073139,17.764121,17.799437,7071654,11768743.35
2021-12-14T16:00:00-03:00,17.790608,17.861241,17.728805,17.808267,6882424,11195129.7
2021-12-15T10:00:00-03:00,17.790608,17.817096,17.48159,17.614027,22722306,11380550.9
2021-12-15T13:00:00-03:00,17.614027,17.852412,17.614027,17.825925,10120552,11520558.1
2021-12-15T16:00:00-03:00,17.834754,17.923045,17.658172,17.817096,10343030,11040300.6
2021-12-16T10:00:00-03:00,17.940703,17.984848,17.658172,17.790608,12337884,10904573.55
2021-12-16T13:00:00-03:00,17.781779,18.046652,17.781779,18.020165,15174640,11354822.35
2021-12-16T16:00:00-03:00,18.011336,18.037823,17.887728,17.984848,8441816,10917417.5
2021-12-17T10:00:00-03:00,17.817096,17.976019,17.508078,17.640514,26267526,11749327.4
2021-12-17T13:00:00-03:00,17.640514,17.667001,17.499249,17.614027,12769076,12066612.7
2021-12-17T16:00:00-03:00,17.614027,17.622856,17.472761,17.48159,8383032,11992081.95
2021-12-20T10:00:00-03:00,17.357983,17.419787,16.943016,16.951845,20624353,12576876.45
2021-12-20T13:00:00-03:00,16.951845,17.243205,16.934187,17.119598,16703338,13067525.9
2021-12-20T16:00:00-03:00,17.128427,17.181401,17.084281,17.128427,10671943,12756651.65
2021-12-21T10:00:00-03:00,17.248453,17.462942,17.176957,17.203768,11520749,12986434.65
2021-12-21T13:00:00-03:00,17.203768,17.275264,17.033965,17.114398,7578942,13056343.35
2021-12-21T16:00:00-03:00,17.105461,17.150146,17.087587,17.105461,3173594,12721459.7
2021-12-22T10:00:00-03:00,17.159083,17.176957,16.926721,17.123335,17186952,13255296.6
2021-12-22T13:00:00-03:00,17.123335,17.176957,17.042902,17.16802,8723735,13236739.2
2021-12-22T16:00:00-03:00,17.16802,17.176957,17.105461,17.123335,5641307,12116942.65
2021-12-23T10:00:00-03:00,17.203768,17.445068,17.025028,17.293138,17579813,12642350.6
2021-12-23T13:00:00-03:00,17.284201,17.302076,17.105461,17.230579,5553996,12575929.2
2021-12-23T16:00:00-03:00,17.221642,17.293138,17.185894,17.266327,4798968,11679762.3
2021-12-27T10:00:00-03:00,17.31995,17.391446,17.132272,17.346761,9552758,11651372.6
2021-12-27T13:00:00-03:00,17.355698,17.391446,17.284201,17.382509,4577835,11363112.85
2021-12-27T16:00:00-03:00,17.391446,17.480816,17.382509,17.400383,6035399,11047988.6
2021-12-28T10:00:00-03:00,17.436131,17.480816,17.239516,17.346761,10435944,10811053.8
2021-12-28T13:00:00-03:00,17.355698,17.400383,17.31995,17.337824,4243044,10601115.2
2021-12-28T16:00:00-03:00,17.337824,17.382509,17.31995,17.31995,3355198,9455498.8
2021-12-29T10:00:00-03:00,17.382509,17.40932,17.132272,17.266327,6270349,9130562.45
2021-12-29T13:00:00-03:00,17.266327,17.302076,17.176957,17.266327,5410663,8981944
2021-12-29T16:00:00-03:00,17.25739,17.302076,17.239516,17.248453,2335837,8067518.2
2021-12-30T10:00:00-03:00,17.328887,17.337824,16.962469,17.069713,15633422,8014022.4
2021-12-30T13:00:00-03:00,17.069713,17.248453,17.042902,17.248453,8808330,7920841.75
2021-12-30T16:00:00-03:00,17.248453,17.25739,17.150146,17.16802,6762264,7682917.5
